{"cameraMode":{"drawMode":0,"name":"Shaded","section":"Shading Mode"},"sceneLighting":true,"audioPlay":false,"sceneViewState":{"m_AlwaysRefresh":false,"showFog":true,"showSkybox":true,"showFlares":true,"showImageEffects":true,"showParticleSystems":true,"showVisualEffectGraphs":true,"m_FxEnabled":true},"in2DMode":false,"pivot":{"x":12.491347312927246,"y":7.673161029815674,"z":1.4842722415924073},"rotation":{"x":-0.07011478394269943,"y":0.5814085602760315,"z":-0.05030881613492966,"w":-0.8090879917144775},"size":3.5082054138183595,"orthographic":false}