{"cameraMode":{"drawMode":0,"name":"Shaded","section":"Shading Mode"},"sceneLighting":true,"audioPlay":false,"sceneViewState":{"m_AlwaysRefresh":false,"showFog":true,"showSkybox":true,"showFlares":true,"showImageEffects":true,"showParticleSystems":true,"showVisualEffectGraphs":true,"m_FxEnabled":true},"in2DMode":false,"pivot":{"x":72.09966278076172,"y":-0.9142591953277588,"z":50.36369705200195},"rotation":{"x":-0.27050843834877016,"y":0.06230193004012108,"z":-0.017570633441209794,"w":-0.9605876803398132},"size":2.992872953414917,"orthographic":false}