{"cameraMode":{"drawMode":0,"name":"Shaded","section":"Shading Mode"},"sceneLighting":true,"audioPlay":false,"sceneViewState":{"m_AlwaysRefresh":false,"showFog":true,"showSkybox":true,"showFlares":true,"showImageEffects":true,"showParticleSystems":true,"showVisualEffectGraphs":true,"m_FxEnabled":true},"in2DMode":false,"pivot":{"x":5.424184799194336,"y":3.710056781768799,"z":2.4083478450775148},"rotation":{"x":0.14594022929668427,"y":-0.6228330135345459,"z":0.11971864849328995,"w":0.7592708468437195},"size":0.4330126941204071,"orthographic":false}